{
  "selected_model": "RandomForest",
  "feature_dim": 65,
  "test_accuracy": 0.9029304029304029,
  "test_macro_f1": 0.8961951452828867,
  "test_weighted_f1": 0.9012090814861111,
  "test_precision_weighted": 0.9014425189152319,
  "test_recall_weighted": 0.9029304029304029,
  "classification_report": {
    "Tomato___Early_blight": {
      "precision": 0.8342245989304813,
      "recall": 0.7255813953488373,
      "f1-score": 0.7761194029850746,
      "support": 215.0
    },
    "Tomato___Late_blight": {
      "precision": 0.8651399491094147,
      "recall": 0.9066666666666666,
      "f1-score": 0.8854166666666666,
      "support": 375.0
    },
    "Tomato___Leaf_Mold": {
      "precision": 0.9273743016759777,
      "recall": 0.9651162790697675,
      "f1-score": 0.9458689458689459,
      "support": 172.0
    },
    "Tomato___healthy": {
      "precision": 0.972972972972973,
      "recall": 0.9818181818181818,
      "f1-score": 0.9773755656108597,
      "support": 330.0
    },
    "accuracy": 0.9029304029304029,
    "macro avg": {
      "precision": 0.8999279556722117,
      "recall": 0.8947956307258633,
      "f1-score": 0.8961951452828867,
      "support": 1092.0
    },
    "weighted avg": {
      "precision": 0.9014425189152319,
      "recall": 0.9029304029304029,
      "f1-score": 0.9012090814861111,
      "support": 1092.0
    }
  }
}